state,date,value
AL,2019-10-01,334.38
AL,2020-01-01,338.37
AL,2020-04-01,343.24
AL,2020-07-01,349.88
AL,2020-10-01,357.23
AL,2021-01-01,364.67
AL,2021-04-01,381.59
AL,2021-07-01,403.25
AL,2021-10-01,419.53
AL,2022-01-01,431.74
AL,2022-04-01,455.67
AL,2022-07-01,468.63
AL,2022-10-01,468.11
AL,2023-01-01,473.89
AL,2023-04-01,482.25
AL,2023-07-01,491.36
AL,2023-10-01,489.82
AL,2024-01-01,497.61
AL,2024-04-01,508.77
AL,2024-07-01,515.29
AL,2024-10-01,520.84
AL,2025-01-01,520.26
AL,2025-04-01,531.19
AL,2025-07-01,530.97
AL,2025-10-01,539.17
AK,2019-10-01,330.08
AK,2020-01-01,333.4
AK,2020-04-01,336.7
AK,2020-07-01,341.27
AK,2020-10-01,344.17
AK,2021-01-01,347.65
AK,2021-04-01,361.17
AK,2021-07-01,377.2
AK,2021-10-01,381.8
AK,2022-01-01,391.6
AK,2022-04-01,415.23
AK,2022-07-01,418.49
AK,2022-10-01,414.53
AK,2023-01-01,425.08
AK,2023-04-01,434.59
AK,2023-07-01,451.9
AK,2023-10-01,435.15
AK,2024-01-01,445.32
AK,2024-04-01,458.53
AK,2024-07-01,463.51
AK,2024-10-01,459.6
AK,2025-01-01,460.33
AK,2025-04-01,483.05
AK,2025-07-01,476.41
AK,2025-10-01,486.73
AZ,2019-10-01,432.35
AZ,2020-01-01,440.99
AZ,2020-04-01,448.73
AZ,2020-07-01,459.67
AZ,2020-10-01,475.92
AZ,2021-01-01,497.14
AZ,2021-04-01,536.76
AZ,2021-07-01,581.25
AZ,2021-10-01,610.76
AZ,2022-01-01,639.89
AZ,2022-04-01,687.78
AZ,2022-07-01,696.62
AZ,2022-10-01,670.79
AZ,2023-01-01,665.9
AZ,2023-04-01,676.59
AZ,2023-07-01,690.19
AZ,2023-10-01,696.36
AZ,2024-01-01,700.68
AZ,2024-04-01,713.24
AZ,2024-07-01,718.34
AZ,2024-10-01,719.28
AZ,2025-01-01,719.69
AZ,2025-04-01,727.7
AZ,2025-07-01,727.66
AZ,2025-10-01,731.53
AR,2019-10-01,292.28
AR,2020-01-01,294.08
AR,2020-04-01,296.78
AR,2020-07-01,301.22
AR,2020-10-01,308.57
AR,2021-01-01,314.2
AR,2021-04-01,329.8
AR,2021-07-01,348.66
AR,2021-10-01,363.55
AR,2022-01-01,373.67
AR,2022-04-01,396.75
AR,2022-07-01,409.61
AR,2022-10-01,409.31
AR,2023-01-01,415.19
AR,2023-04-01,426.52
AR,2023-07-01,432.63
AR,2023-10-01,435.73
AR,2024-01-01,437.31
AR,2024-04-01,447.57
AR,2024-07-01,456.84
AR,2024-10-01,457.9
AR,2025-01-01,462.85
AR,2025-04-01,466.85
AR,2025-07-01,472.32
AR,2025-10-01,476.18
CA,2019-10-01,662.96
CA,2020-01-01,669.23
CA,2020-04-01,676.9
CA,2020-07-01,684.83
CA,2020-10-01,698.99
CA,2021-01-01,718.58
CA,2021-04-01,761.23
CA,2021-07-01,800.89
CA,2021-10-01,833.31
CA,2022-01-01,867.02
CA,2022-04-01,919.84
CA,2022-07-01,913.68
CA,2022-10-01,888.19
CA,2023-01-01,885.58
CA,2023-04-01,907.07
CA,2023-07-01,917.78
CA,2023-10-01,918.72
CA,2024-01-01,934
CA,2024-04-01,948.44
CA,2024-07-01,957.91
CA,2024-10-01,960.9
CA,2025-01-01,962.29
CA,2025-04-01,970.7
CA,2025-07-01,968.85
CA,2025-10-01,972.44
CO,2019-10-01,584.8
CO,2020-01-01,591.13
CO,2020-04-01,598.1
CO,2020-07-01,607.52
CO,2020-10-01,620
CO,2021-01-01,636.69
CO,2021-04-01,682.42
CO,2021-07-01,722.89
CO,2021-10-01,743.31
CO,2022-01-01,774.11
CO,2022-04-01,831.58
CO,2022-07-01,822.84
CO,2022-10-01,803.61
CO,2023-01-01,805.69
CO,2023-04-01,826.64
CO,2023-07-01,827.35
CO,2023-10-01,818.59
CO,2024-01-01,832.06
CO,2024-04-01,845.06
CO,2024-07-01,847.69
CO,2024-10-01,848.05
CO,2025-01-01,850.93
CO,2025-04-01,855.85
CO,2025-07-01,854.61
CO,2025-10-01,859.33
CT,2019-10-01,410.64
CT,2020-01-01,412.2
CT,2020-04-01,416.58
CT,2020-07-01,425.83
CT,2020-10-01,437.39
CT,2021-01-01,448.96
CT,2021-04-01,472.02
CT,2021-07-01,497.53
CT,2021-10-01,507.72
CT,2022-01-01,521.71
CT,2022-04-01,552.43
CT,2022-07-01,562.68
CT,2022-10-01,560.33
CT,2023-01-01,567.87
CT,2023-04-01,597.12
CT,2023-07-01,608.72
CT,2023-10-01,617.95
CT,2024-01-01,622.06
CT,2024-04-01,650.1
CT,2024-07-01,664.64
CT,2024-10-01,669.81
CT,2025-01-01,676.43
CT,2025-04-01,698.63
CT,2025-07-01,708.5
CT,2025-10-01,708.82
DE,2019-10-01,475.02
DE,2020-01-01,481.05
DE,2020-04-01,484.51
DE,2020-07-01,495.04
DE,2020-10-01,502.52
DE,2021-01-01,517.94
DE,2021-04-01,539.98
DE,2021-07-01,565.45
DE,2021-10-01,585.26
DE,2022-01-01,602.6
DE,2022-04-01,637.49
DE,2022-07-01,643.25
DE,2022-10-01,650.98
DE,2023-01-01,658.58
DE,2023-04-01,667.02
DE,2023-07-01,688.91
DE,2023-10-01,688.36
DE,2024-01-01,710.02
DE,2024-04-01,719.63
DE,2024-07-01,728.65
DE,2024-10-01,730.32
DE,2025-01-01,740.07
DE,2025-04-01,750.61
DE,2025-07-01,760.89
DE,2025-10-01,770.04
FL,2019-10-01,478.93
FL,2020-01-01,486.24
FL,2020-04-01,492.48
FL,2020-07-01,501.05
FL,2020-10-01,514.48
FL,2021-01-01,531.18
FL,2021-04-01,565.96
FL,2021-07-01,607.7
FL,2021-10-01,641.91
FL,2022-01-01,678.13
FL,2022-04-01,732.72
FL,2022-07-01,761.25
FL,2022-10-01,757.98
FL,2023-01-01,760.96
FL,2023-04-01,776.9
FL,2023-07-01,793.94
FL,2023-10-01,793.18
FL,2024-01-01,803.69
FL,2024-04-01,811.22
FL,2024-07-01,815.37
FL,2024-10-01,823.3
FL,2025-01-01,815.16
FL,2025-04-01,820.47
FL,2025-07-01,816.33
FL,2025-10-01,823.56
GA,2019-10-01,385.9
GA,2020-01-01,391.82
GA,2020-04-01,395.98
GA,2020-07-01,403.75
GA,2020-10-01,412.17
GA,2021-01-01,424.4
GA,2021-04-01,448.76
GA,2021-07-01,475.73
GA,2021-10-01,499.91
GA,2022-01-01,524.64
GA,2022-04-01,561.02
GA,2022-07-01,576.83
GA,2022-10-01,577.01
GA,2023-01-01,582.3
GA,2023-04-01,598.36
GA,2023-07-01,607.92
GA,2023-10-01,610.82
GA,2024-01-01,620.07
GA,2024-04-01,631.69
GA,2024-07-01,638.62
GA,2024-10-01,641.12
GA,2025-01-01,648.64
GA,2025-04-01,653.91
GA,2025-07-01,656.29
GA,2025-10-01,659.78
HI,2019-10-01,639.41
HI,2020-01-01,639.01
HI,2020-04-01,647.38
HI,2020-07-01,640.8
HI,2020-10-01,651.06
HI,2021-01-01,661.19
HI,2021-04-01,694.28
HI,2021-07-01,722.95
HI,2021-10-01,757.59
HI,2022-01-01,795.97
HI,2022-04-01,837.43
HI,2022-07-01,887.01
HI,2022-10-01,874.9
HI,2023-01-01,849.55
HI,2023-04-01,884.69
HI,2023-07-01,864
HI,2023-10-01,790.82
HI,2024-01-01,899.46
HI,2024-04-01,895.05
HI,2024-07-01,918.37
HI,2024-10-01,868.92
HI,2025-01-01,926.79
HI,2025-04-01,917.82
HI,2025-07-01,923.44
HI,2025-10-01,930.78
ID,2019-10-01,504.57
ID,2020-01-01,515.83
ID,2020-04-01,525.53
ID,2020-07-01,546.03
ID,2020-10-01,571.27
ID,2021-01-01,602.49
ID,2021-04-01,666.98
ID,2021-07-01,721.56
ID,2021-10-01,747.18
ID,2022-01-01,770.04
ID,2022-04-01,826.22
ID,2022-07-01,828.5
ID,2022-10-01,798.85
ID,2023-01-01,798.6
ID,2023-04-01,805
ID,2023-07-01,821.15
ID,2023-10-01,813.47
ID,2024-01-01,838.35
ID,2024-04-01,838.14
ID,2024-07-01,896.34
ID,2024-10-01,856.7
ID,2025-01-01,869.48
ID,2025-04-01,873.78
ID,2025-07-01,878.52
ID,2025-10-01,873.87
IL,2019-10-01,352.63
IL,2020-01-01,354.21
IL,2020-04-01,356.19
IL,2020-07-01,359.96
IL,2020-10-01,364.49
IL,2021-01-01,368.82
IL,2021-04-01,385.38
IL,2021-07-01,398.9
IL,2021-10-01,407.91
IL,2022-01-01,418.73
IL,2022-04-01,443.38
IL,2022-07-01,448.13
IL,2022-10-01,443.43
IL,2023-01-01,447.98
IL,2023-04-01,465.05
IL,2023-07-01,476.42
IL,2023-10-01,479.02
IL,2024-01-01,486.28
IL,2024-04-01,502.22
IL,2024-07-01,510.96
IL,2024-10-01,513.09
IL,2025-01-01,521.58
IL,2025-04-01,535.59
IL,2025-07-01,543.12
IL,2025-10-01,545.83
IN,2019-10-01,317.64
IN,2020-01-01,321.28
IN,2020-04-01,325.03
IN,2020-07-01,332.13
IN,2020-10-01,340.17
IN,2021-01-01,347.03
IN,2021-04-01,367.25
IN,2021-07-01,385.31
IN,2021-10-01,398.33
IN,2022-01-01,409.74
IN,2022-04-01,435.28
IN,2022-07-01,443.92
IN,2022-10-01,441.52
IN,2023-01-01,444.61
IN,2023-04-01,464.09
IN,2023-07-01,470.67
IN,2023-10-01,473.43
IN,2024-01-01,476.63
IN,2024-04-01,491.29
IN,2024-07-01,499.3
IN,2024-10-01,503.52
IN,2025-01-01,509.6
IN,2025-04-01,516.61
IN,2025-07-01,522.04
IN,2025-10-01,525.79
IA,2019-10-01,310.59
IA,2020-01-01,312.76
IA,2020-04-01,314.42
IA,2020-07-01,317.48
IA,2020-10-01,322.39
IA,2021-01-01,325.69
IA,2021-04-01,341.44
IA,2021-07-01,355.77
IA,2021-10-01,362.81
IA,2022-01-01,370.45
IA,2022-04-01,394.17
IA,2022-07-01,401.57
IA,2022-10-01,399.22
IA,2023-01-01,402.89
IA,2023-04-01,414.94
IA,2023-07-01,422.61
IA,2023-10-01,423.39
IA,2024-01-01,426.92
IA,2024-04-01,438.06
IA,2024-07-01,443.65
IA,2024-10-01,442.25
IA,2025-01-01,445.13
IA,2025-04-01,456.78
IA,2025-07-01,458.46
IA,2025-10-01,460.03
KS,2019-10-01,297.1
KS,2020-01-01,301.17
KS,2020-04-01,304.1
KS,2020-07-01,310.66
KS,2020-10-01,316.82
KS,2021-01-01,322.48
KS,2021-04-01,341.02
KS,2021-07-01,356.09
KS,2021-10-01,362.16
KS,2022-01-01,374.1
KS,2022-04-01,397.77
KS,2022-07-01,402.73
KS,2022-10-01,399.99
KS,2023-01-01,401.48
KS,2023-04-01,421.21
KS,2023-07-01,428.69
KS,2023-10-01,428.99
KS,2024-01-01,439.68
KS,2024-04-01,448.93
KS,2024-07-01,452.01
KS,2024-10-01,455.68
KS,2025-01-01,465.15
KS,2025-04-01,469.96
KS,2025-07-01,473.57
KS,2025-10-01,474.76
KY,2019-10-01,356.71
KY,2020-01-01,360.9
KY,2020-04-01,364.99
KY,2020-07-01,371.44
KY,2020-10-01,378.93
KY,2021-01-01,386.01
KY,2021-04-01,403.49
KY,2021-07-01,423.82
KY,2021-10-01,437.32
KY,2022-01-01,449.23
KY,2022-04-01,475.16
KY,2022-07-01,483.8
KY,2022-10-01,486.26
KY,2023-01-01,491.67
KY,2023-04-01,507.47
KY,2023-07-01,511.59
KY,2023-10-01,515.73
KY,2024-01-01,522
KY,2024-04-01,539.46
KY,2024-07-01,546.29
KY,2024-10-01,549.94
KY,2025-01-01,556.67
KY,2025-04-01,563.56
KY,2025-07-01,571.54
KY,2025-10-01,574.69
LA,2019-10-01,291.81
LA,2020-01-01,294.56
LA,2020-04-01,297.41
LA,2020-07-01,299.66
LA,2020-10-01,303.34
LA,2021-01-01,307.11
LA,2021-04-01,315.51
LA,2021-07-01,326.09
LA,2021-10-01,333.38
LA,2022-01-01,341.62
LA,2022-04-01,357.27
LA,2022-07-01,358.83
LA,2022-10-01,355.66
LA,2023-01-01,355.03
LA,2023-04-01,359.74
LA,2023-07-01,357.61
LA,2023-10-01,356.16
LA,2024-01-01,361.84
LA,2024-04-01,363.3
LA,2024-07-01,363.06
LA,2024-10-01,364.78
LA,2025-01-01,367.17
LA,2025-04-01,373.46
LA,2025-07-01,373.5
LA,2025-10-01,379.46
ME,2019-10-01,561.72
ME,2020-01-01,566.71
ME,2020-04-01,575.41
ME,2020-07-01,588.54
ME,2020-10-01,609.87
ME,2021-01-01,628.3
ME,2021-04-01,667.81
ME,2021-07-01,714.73
ME,2021-10-01,736.87
ME,2022-01-01,762.14
ME,2022-04-01,818.54
ME,2022-07-01,835.71
ME,2022-10-01,838.04
ME,2023-01-01,850.78
ME,2023-04-01,895.29
ME,2023-07-01,921.98
ME,2023-10-01,908.16
ME,2024-01-01,929.01
ME,2024-04-01,958.15
ME,2024-07-01,971.7
ME,2024-10-01,977.19
ME,2025-01-01,988.98
ME,2025-04-01,1014.46
ME,2025-07-01,1023.59
ME,2025-10-01,1031.02
MD,2019-10-01,485.59
MD,2020-01-01,490.87
MD,2020-04-01,495.42
MD,2020-07-01,501.81
MD,2020-10-01,511.08
MD,2021-01-01,522.65
MD,2021-04-01,547.04
MD,2021-07-01,568.91
MD,2021-10-01,581.44
MD,2022-01-01,597.26
MD,2022-04-01,624.74
MD,2022-07-01,625.65
MD,2022-10-01,621.63
MD,2023-01-01,627.56
MD,2023-04-01,650.52
MD,2023-07-01,657.6
MD,2023-10-01,653.97
MD,2024-01-01,667.8
MD,2024-04-01,683.65
MD,2024-07-01,689.58
MD,2024-10-01,696.1
MD,2025-01-01,697.84
MD,2025-04-01,710.93
MD,2025-07-01,712.24
MD,2025-10-01,715.91
MA,2019-10-01,820.08
MA,2020-01-01,828.59
MA,2020-04-01,837.12
MA,2020-07-01,851.98
MA,2020-10-01,869.02
MA,2021-01-01,888.1
MA,2021-04-01,935.62
MA,2021-07-01,984.48
MA,2021-10-01,1006.97
MA,2022-01-01,1032.44
MA,2022-04-01,1098.06
MA,2022-07-01,1106.51
MA,2022-10-01,1091.65
MA,2023-01-01,1106.56
MA,2023-04-01,1144.65
MA,2023-07-01,1168.58
MA,2023-10-01,1177.52
MA,2024-01-01,1195.72
MA,2024-04-01,1232.41
MA,2024-07-01,1240.86
MA,2024-10-01,1249.97
MA,2025-01-01,1262.23
MA,2025-04-01,1290.09
MA,2025-07-01,1295.18
MA,2025-10-01,1303.96
MI,2019-10-01,350.29
MI,2020-01-01,353.62
MI,2020-04-01,357.34
MI,2020-07-01,365.32
MI,2020-10-01,372.87
MI,2021-01-01,380.8
MI,2021-04-01,401.9
MI,2021-07-01,422.71
MI,2021-10-01,431.95
MI,2022-01-01,443.54
MI,2022-04-01,471.17
MI,2022-07-01,476.28
MI,2022-10-01,470.07
MI,2023-01-01,473.09
MI,2023-04-01,496.24
MI,2023-07-01,505.04
MI,2023-10-01,506.89
MI,2024-01-01,512.27
MI,2024-04-01,533.06
MI,2024-07-01,540.81
MI,2024-10-01,540.88
MI,2025-01-01,547.58
MI,2025-04-01,561.18
MI,2025-07-01,568.45
MI,2025-10-01,570.97
MN,2019-10-01,413.06
MN,2020-01-01,416.98
MN,2020-04-01,420.36
MN,2020-07-01,429.18
MN,2020-10-01,436.95
MN,2021-01-01,443.83
MN,2021-04-01,467.39
MN,2021-07-01,489.78
MN,2021-10-01,498.17
MN,2022-01-01,509.04
MN,2022-04-01,540.9
MN,2022-07-01,539.7
MN,2022-10-01,530.58
MN,2023-01-01,534.51
MN,2023-04-01,556.37
MN,2023-07-01,558.73
MN,2023-10-01,552.85
MN,2024-01-01,560.08
MN,2024-04-01,575.8
MN,2024-07-01,580.65
MN,2024-10-01,580.63
MN,2025-01-01,582.9
MN,2025-04-01,597.1
MN,2025-07-01,600.51
MN,2025-10-01,599.8
MS,2019-10-01,279.56
MS,2020-01-01,283.56
MS,2020-04-01,284.06
MS,2020-07-01,288.42
MS,2020-10-01,293.4
MS,2021-01-01,297.6
MS,2021-04-01,308.29
MS,2021-07-01,325.21
MS,2021-10-01,334.45
MS,2022-01-01,343.76
MS,2022-04-01,358.12
MS,2022-07-01,372
MS,2022-10-01,372.9
MS,2023-01-01,372.31
MS,2023-04-01,377.41
MS,2023-07-01,380.91
MS,2023-10-01,393.46
MS,2024-01-01,387.14
MS,2024-04-01,398.97
MS,2024-07-01,408.7
MS,2024-10-01,407.39
MS,2025-01-01,413.1
MS,2025-04-01,415.66
MS,2025-07-01,419.81
MS,2025-10-01,425.13
MO,2019-10-01,346.63
MO,2020-01-01,350.67
MO,2020-04-01,353.15
MO,2020-07-01,359.93
MO,2020-10-01,366.99
MO,2021-01-01,374.5
MO,2021-04-01,397.27
MO,2021-07-01,414.64
MO,2021-10-01,426.64
MO,2022-01-01,441.38
MO,2022-04-01,469.73
MO,2022-07-01,475.04
MO,2022-10-01,473.55
MO,2023-01-01,480.31
MO,2023-04-01,499.1
MO,2023-07-01,506.26
MO,2023-10-01,507.42
MO,2024-01-01,513.4
MO,2024-04-01,529.45
MO,2024-07-01,533.32
MO,2024-10-01,537.67
MO,2025-01-01,544.63
MO,2025-04-01,554.54
MO,2025-07-01,557.63
MO,2025-10-01,559.57
MT,2019-10-01,462.93
MT,2020-01-01,469.38
MT,2020-04-01,470.48
MT,2020-07-01,483.77
MT,2020-10-01,499.64
MT,2021-01-01,515.64
MT,2021-04-01,556.95
MT,2021-07-01,598.03
MT,2021-10-01,624.93
MT,2022-01-01,652.38
MT,2022-04-01,699.62
MT,2022-07-01,711.74
MT,2022-10-01,712.69
MT,2023-01-01,711.28
MT,2023-04-01,740.5
MT,2023-07-01,741.25
MT,2023-10-01,747.02
MT,2024-01-01,757.33
MT,2024-04-01,778.5
MT,2024-07-01,775.81
MT,2024-10-01,790.54
MT,2025-01-01,796.53
MT,2025-04-01,801.55
MT,2025-07-01,811.2
MT,2025-10-01,806.49
NE,2019-10-01,343.87
NE,2020-01-01,348.07
NE,2020-04-01,350.79
NE,2020-07-01,355.58
NE,2020-10-01,362.56
NE,2021-01-01,369.01
NE,2021-04-01,390.67
NE,2021-07-01,409.67
NE,2021-10-01,418.98
NE,2022-01-01,429.11
NE,2022-04-01,460.13
NE,2022-07-01,465.85
NE,2022-10-01,463.01
NE,2023-01-01,473.64
NE,2023-04-01,490.15
NE,2023-07-01,496.6
NE,2023-10-01,492.3
NE,2024-01-01,502.42
NE,2024-04-01,516.83
NE,2024-07-01,517.54
NE,2024-10-01,523.27
NE,2025-01-01,523.68
NE,2025-04-01,535.09
NE,2025-07-01,540.89
NE,2025-10-01,541.9
NV,2019-10-01,410.22
NV,2020-01-01,414.64
NV,2020-04-01,419.87
NV,2020-07-01,426.01
NV,2020-10-01,435.68
NV,2021-01-01,451.23
NV,2021-04-01,480.54
NV,2021-07-01,517.67
NV,2021-10-01,540.18
NV,2022-01-01,562.15
NV,2022-04-01,601.39
NV,2022-07-01,600.91
NV,2022-10-01,582.84
NV,2023-01-01,573.01
NV,2023-04-01,580.82
NV,2023-07-01,593.83
NV,2023-10-01,591.05
NV,2024-01-01,608
NV,2024-04-01,618.95
NV,2024-07-01,622.52
NV,2024-10-01,628.48
NV,2025-01-01,634.03
NV,2025-04-01,638.33
NV,2025-07-01,637.5
NV,2025-10-01,638.5
NH,2019-10-01,498.93
NH,2020-01-01,505.72
NH,2020-04-01,513.12
NH,2020-07-01,525.28
NH,2020-10-01,540.46
NH,2021-01-01,556.69
NH,2021-04-01,590.32
NH,2021-07-01,625.5
NH,2021-10-01,644.7
NH,2022-01-01,663.86
NH,2022-04-01,710.14
NH,2022-07-01,724.63
NH,2022-10-01,721.6
NH,2023-01-01,735.4
NH,2023-04-01,767.18
NH,2023-07-01,785.13
NH,2023-10-01,786.12
NH,2024-01-01,802.11
NH,2024-04-01,834.7
NH,2024-07-01,843.42
NH,2024-10-01,844.83
NH,2025-01-01,859.45
NH,2025-04-01,882.45
NH,2025-07-01,888.64
NH,2025-10-01,892.33
NJ,2019-10-01,538.15
NJ,2020-01-01,542.98
NJ,2020-04-01,548.19
NJ,2020-07-01,557.89
NJ,2020-10-01,569.64
NJ,2021-01-01,583.71
NJ,2021-04-01,611.41
NJ,2021-07-01,641.3
NJ,2021-10-01,661.85
NJ,2022-01-01,682.18
NJ,2022-04-01,727
NJ,2022-07-01,740.73
NJ,2022-10-01,740.03
NJ,2023-01-01,746.7
NJ,2023-04-01,779.66
NJ,2023-07-01,802.61
NJ,2023-10-01,815.44
NJ,2024-01-01,830.85
NJ,2024-04-01,859.39
NJ,2024-07-01,873.77
NJ,2024-10-01,885.8
NJ,2025-01-01,901.24
NJ,2025-04-01,919.92
NJ,2025-07-01,927.85
NJ,2025-10-01,939.31
NM,2019-10-01,344.2
NM,2020-01-01,349.45
NM,2020-04-01,353.48
NM,2020-07-01,360.5
NM,2020-10-01,368.2
NM,2021-01-01,378.76
NM,2021-04-01,394.41
NM,2021-07-01,416.49
NM,2021-10-01,431.19
NM,2022-01-01,444.86
NM,2022-04-01,468.34
NM,2022-07-01,478.32
NM,2022-10-01,483.03
NM,2023-01-01,484.89
NM,2023-04-01,496.17
NM,2023-07-01,510.23
NM,2023-10-01,507.99
NM,2024-01-01,515.48
NM,2024-04-01,527.09
NM,2024-07-01,533.12
NM,2024-10-01,538.25
NM,2025-01-01,540.7
NM,2025-04-01,552.46
NM,2025-07-01,552.75
NM,2025-10-01,553.22
NY,2019-10-01,705.39
NY,2020-01-01,712
NY,2020-04-01,717.88
NY,2020-07-01,729.63
NY,2020-10-01,745.71
NY,2021-01-01,763.39
NY,2021-04-01,790.62
NY,2021-07-01,830.28
NY,2021-10-01,849
NY,2022-01-01,870.62
NY,2022-04-01,919.05
NY,2022-07-01,937.84
NY,2022-10-01,933.21
NY,2023-01-01,934.26
NY,2023-04-01,969.25
NY,2023-07-01,1002.21
NY,2023-10-01,1003.45
NY,2024-01-01,1014.01
NY,2024-04-01,1052.36
NY,2024-07-01,1073.49
NY,2024-10-01,1082.46
NY,2025-01-01,1092.27
NY,2025-04-01,1129.01
NY,2025-07-01,1147.77
NY,2025-10-01,1150.44
NC,2019-10-01,402.8
NC,2020-01-01,408.75
NC,2020-04-01,412.37
NC,2020-07-01,420.17
NC,2020-10-01,430.51
NC,2021-01-01,441.36
NC,2021-04-01,467.48
NC,2021-07-01,499.03
NC,2021-10-01,521.44
NC,2022-01-01,546.78
NC,2022-04-01,590.82
NC,2022-07-01,609.25
NC,2022-10-01,606.54
NC,2023-01-01,612.71
NC,2023-04-01,631.3
NC,2023-07-01,643.92
NC,2023-10-01,644.26
NC,2024-01-01,655.6
NC,2024-04-01,670.53
NC,2024-07-01,676.47
NC,2024-10-01,680.2
NC,2025-01-01,687.41
NC,2025-04-01,694.28
NC,2025-07-01,697.66
NC,2025-10-01,701.92
ND,2019-10-01,376.13
ND,2020-01-01,377.71
ND,2020-04-01,377.05
ND,2020-07-01,382.73
ND,2020-10-01,387.45
ND,2021-01-01,387.92
ND,2021-04-01,398.33
ND,2021-07-01,413.55
ND,2021-10-01,421.83
ND,2022-01-01,426.95
ND,2022-04-01,449.11
ND,2022-07-01,455.63
ND,2022-10-01,457.91
ND,2023-01-01,456.51
ND,2023-04-01,469.9
ND,2023-07-01,476.01
ND,2023-10-01,473.91
ND,2024-01-01,478.08
ND,2024-04-01,488.02
ND,2024-07-01,498.57
ND,2024-10-01,498.16
ND,2025-01-01,504.17
ND,2025-04-01,515.64
ND,2025-07-01,527.16
ND,2025-10-01,522.47
OH,2019-10-01,306.96
OH,2020-01-01,311.34
OH,2020-04-01,314.47
OH,2020-07-01,321.86
OH,2020-10-01,329.49
OH,2021-01-01,335.69
OH,2021-04-01,352.7
OH,2021-07-01,370.63
OH,2021-10-01,379.24
OH,2022-01-01,390.77
OH,2022-04-01,415.97
OH,2022-07-01,421.82
OH,2022-10-01,417.03
OH,2023-01-01,423.43
OH,2023-04-01,442.2
OH,2023-07-01,449.85
OH,2023-10-01,452.18
OH,2024-01-01,457.27
OH,2024-04-01,476.04
OH,2024-07-01,481.53
OH,2024-10-01,485.07
OH,2025-01-01,491.21
OH,2025-04-01,502.51
OH,2025-07-01,507.11
OH,2025-10-01,509.81
OK,2019-10-01,253.87
OK,2020-01-01,257.93
OK,2020-04-01,259.78
OK,2020-07-01,263.62
OK,2020-10-01,268.56
OK,2021-01-01,273.67
OK,2021-04-01,286.34
OK,2021-07-01,301.15
OK,2021-10-01,310.37
OK,2022-01-01,321.11
OK,2022-04-01,338.8
OK,2022-07-01,345.44
OK,2022-10-01,349
OK,2023-01-01,350.43
OK,2023-04-01,359.81
OK,2023-07-01,364.55
OK,2023-10-01,364.07
OK,2024-01-01,372.36
OK,2024-04-01,374.81
OK,2024-07-01,381.21
OK,2024-10-01,384.18
OK,2025-01-01,386.26
OK,2025-04-01,392.07
OK,2025-07-01,390.26
OK,2025-10-01,397.06
OR,2019-10-01,587.22
OR,2020-01-01,592.96
OR,2020-04-01,600.54
OR,2020-07-01,611.04
OR,2020-10-01,627.68
OR,2021-01-01,648.58
OR,2021-04-01,691.45
OR,2021-07-01,733.66
OR,2021-10-01,753.37
OR,2022-01-01,776.85
OR,2022-04-01,819.83
OR,2022-07-01,814.78
OR,2022-10-01,791.82
OR,2023-01-01,790.16
OR,2023-04-01,808.99
OR,2023-07-01,813.96
OR,2023-10-01,801.46
OR,2024-01-01,813.22
OR,2024-04-01,830.52
OR,2024-07-01,830.32
OR,2024-10-01,829.8
OR,2025-01-01,834.74
OR,2025-04-01,845.57
OR,2025-07-01,845.4
OR,2025-10-01,846.32
PA,2019-10-01,447.81
PA,2020-01-01,453.65
PA,2020-04-01,457.78
PA,2020-07-01,467.29
PA,2020-10-01,475.38
PA,2021-01-01,486.96
PA,2021-04-01,508.57
PA,2021-07-01,532.95
PA,2021-10-01,544.44
PA,2022-01-01,559.54
PA,2022-04-01,588.29
PA,2022-07-01,597.9
PA,2022-10-01,597.29
PA,2023-01-01,603.87
PA,2023-04-01,621.69
PA,2023-07-01,634.03
PA,2023-10-01,635.28
PA,2024-01-01,645.13
PA,2024-04-01,665.64
PA,2024-07-01,674.26
PA,2024-10-01,676.21
PA,2025-01-01,687.65
PA,2025-04-01,703.41
PA,2025-07-01,710.43
PA,2025-10-01,713.64
RI,2019-10-01,584.96
RI,2020-01-01,589.82
RI,2020-04-01,597.41
RI,2020-07-01,609.45
RI,2020-10-01,627.53
RI,2021-01-01,644.55
RI,2021-04-01,684.62
RI,2021-07-01,727.48
RI,2021-10-01,747.61
RI,2022-01-01,769.26
RI,2022-04-01,823.97
RI,2022-07-01,833.01
RI,2022-10-01,820.44
RI,2023-01-01,836.61
RI,2023-04-01,873.79
RI,2023-07-01,900.81
RI,2023-10-01,903.92
RI,2024-01-01,921.66
RI,2024-04-01,953.73
RI,2024-07-01,973.15
RI,2024-10-01,981.74
RI,2025-01-01,1001.32
RI,2025-04-01,1018.37
RI,2025-07-01,1022.1
RI,2025-10-01,1034.01
SC,2019-10-01,408.22
SC,2020-01-01,413.97
SC,2020-04-01,417.23
SC,2020-07-01,424.68
SC,2020-10-01,433.11
SC,2021-01-01,443.13
SC,2021-04-01,468.33
SC,2021-07-01,494.74
SC,2021-10-01,517.67
SC,2022-01-01,541.43
SC,2022-04-01,576.76
SC,2022-07-01,596.82
SC,2022-10-01,601.37
SC,2023-01-01,604.49
SC,2023-04-01,622.6
SC,2023-07-01,641.79
SC,2023-10-01,646.98
SC,2024-01-01,653.09
SC,2024-04-01,670.03
SC,2024-07-01,676.88
SC,2024-10-01,685.32
SC,2025-01-01,693.99
SC,2025-04-01,698.87
SC,2025-07-01,708.35
SC,2025-10-01,710.79
SD,2019-10-01,398.29
SD,2020-01-01,403.58
SD,2020-04-01,405.33
SD,2020-07-01,410.85
SD,2020-10-01,421.23
SD,2021-01-01,426.82
SD,2021-04-01,455.7
SD,2021-07-01,481.24
SD,2021-10-01,498.73
SD,2022-01-01,514.87
SD,2022-04-01,549.99
SD,2022-07-01,560.86
SD,2022-10-01,560.83
SD,2023-01-01,564.07
SD,2023-04-01,577.57
SD,2023-07-01,588.98
SD,2023-10-01,591.01
SD,2024-01-01,598.8
SD,2024-04-01,606.66
SD,2024-07-01,610.33
SD,2024-10-01,614.93
SD,2025-01-01,618.52
SD,2025-04-01,631.48
SD,2025-07-01,633.93
SD,2025-10-01,637.83
TN,2019-10-01,401.33
TN,2020-01-01,407.3
TN,2020-04-01,411.92
TN,2020-07-01,420.71
TN,2020-10-01,431.02
TN,2021-01-01,443.43
TN,2021-04-01,470.9
TN,2021-07-01,502.64
TN,2021-10-01,528.56
TN,2022-01-01,555.29
TN,2022-04-01,597.71
TN,2022-07-01,614.67
TN,2022-10-01,611.74
TN,2023-01-01,618.5
TN,2023-04-01,632.85
TN,2023-07-01,638.8
TN,2023-10-01,644.3
TN,2024-01-01,654.77
TN,2024-04-01,666.04
TN,2024-07-01,672.91
TN,2024-10-01,679.24
TN,2025-01-01,681.22
TN,2025-04-01,691.43
TN,2025-07-01,697.7
TN,2025-10-01,700.01
TX,2019-10-01,345.21
TX,2020-01-01,348.94
TX,2020-04-01,351.61
TX,2020-07-01,357
TX,2020-10-01,365.05
TX,2021-01-01,373.79
TX,2021-04-01,395.61
TX,2021-07-01,420.69
TX,2021-10-01,437.9
TX,2022-01-01,458.34
TX,2022-04-01,489.48
TX,2022-07-01,500.68
TX,2022-10-01,494.28
TX,2023-01-01,496
TX,2023-04-01,501.14
TX,2023-07-01,506.88
TX,2023-10-01,503.89
TX,2024-01-01,510.5
TX,2024-04-01,516.7
TX,2024-07-01,518.39
TX,2024-10-01,522.06
TX,2025-01-01,524.34
TX,2025-04-01,526.32
TX,2025-07-01,526.74
TX,2025-10-01,527.87
UT,2019-10-01,515.74
UT,2020-01-01,522.53
UT,2020-04-01,532
UT,2020-07-01,544.88
UT,2020-10-01,563.82
UT,2021-01-01,586.98
UT,2021-04-01,643.85
UT,2021-07-01,693.43
UT,2021-10-01,719.35
UT,2022-01-01,753.61
UT,2022-04-01,811.16
UT,2022-07-01,805.9
UT,2022-10-01,779.77
UT,2023-01-01,774.6
UT,2023-04-01,790.41
UT,2023-07-01,796.05
UT,2023-10-01,790.43
UT,2024-01-01,799.8
UT,2024-04-01,819.17
UT,2024-07-01,826.81
UT,2024-10-01,829.89
UT,2025-01-01,834.39
UT,2025-04-01,846.86
UT,2025-07-01,849.29
UT,2025-10-01,854.23
VT,2019-10-01,498.88
VT,2020-01-01,506.12
VT,2020-04-01,508.49
VT,2020-07-01,520.66
VT,2020-10-01,534.83
VT,2021-01-01,548.1
VT,2021-04-01,572.65
VT,2021-07-01,609.79
VT,2021-10-01,628.44
VT,2022-01-01,646.85
VT,2022-04-01,691.47
VT,2022-07-01,726.04
VT,2022-10-01,708.52
VT,2023-01-01,723.78
VT,2023-04-01,767.97
VT,2023-07-01,797.88
VT,2023-10-01,779.87
VT,2024-01-01,796.7
VT,2024-04-01,838.62
VT,2024-07-01,843.74
VT,2024-10-01,849.11
VT,2025-01-01,856.56
VT,2025-04-01,864.36
VT,2025-07-01,870.41
VT,2025-10-01,889.76
VA,2019-10-01,479.44
VA,2020-01-01,484.7
VA,2020-04-01,490.09
VA,2020-07-01,498.5
VA,2020-10-01,507.69
VA,2021-01-01,518.31
VA,2021-04-01,542.12
VA,2021-07-01,567.23
VA,2021-10-01,580.69
VA,2022-01-01,598.74
VA,2022-04-01,637.06
VA,2022-07-01,645.3
VA,2022-10-01,642.75
VA,2023-01-01,651.77
VA,2023-04-01,674.58
VA,2023-07-01,683.81
VA,2023-10-01,684.91
VA,2024-01-01,698.7
VA,2024-04-01,722.1
VA,2024-07-01,727.24
VA,2024-10-01,733.64
VA,2025-01-01,741.57
VA,2025-04-01,755.55
VA,2025-07-01,759.37
VA,2025-10-01,764.26
WA,2019-10-01,663.04
WA,2020-01-01,674.5
WA,2020-04-01,684.75
WA,2020-07-01,700.45
WA,2020-10-01,719.01
WA,2021-01-01,740.57
WA,2021-04-01,796.69
WA,2021-07-01,843.57
WA,2021-10-01,871.44
WA,2022-01-01,908.71
WA,2022-04-01,970.67
WA,2022-07-01,961.05
WA,2022-10-01,930.3
WA,2023-01-01,930.89
WA,2023-04-01,956.25
WA,2023-07-01,960.98
WA,2023-10-01,953.66
WA,2024-01-01,970.41
WA,2024-04-01,997.45
WA,2024-07-01,1003.4
WA,2024-10-01,1001.2
WA,2025-01-01,1015.8
WA,2025-04-01,1028.85
WA,2025-07-01,1023.71
WA,2025-10-01,1029.58
WV,2019-10-01,236.42
WV,2020-01-01,237.48
WV,2020-04-01,239.87
WV,2020-07-01,244.53
WV,2020-10-01,247.39
WV,2021-01-01,251.91
WV,2021-04-01,258.72
WV,2021-07-01,272.05
WV,2021-10-01,279.15
WV,2022-01-01,282.96
WV,2022-04-01,296.91
WV,2022-07-01,300.76
WV,2022-10-01,298.81
WV,2023-01-01,305.11
WV,2023-04-01,304.19
WV,2023-07-01,317.41
WV,2023-10-01,320.07
WV,2024-01-01,319.79
WV,2024-04-01,334.01
WV,2024-07-01,336.34
WV,2024-10-01,343.46
WV,2025-01-01,343.81
WV,2025-04-01,344.72
WV,2025-07-01,355.42
WV,2025-10-01,359.57
WI,2019-10-01,372.06
WI,2020-01-01,375.11
WI,2020-04-01,377.85
WI,2020-07-01,385.14
WI,2020-10-01,392.92
WI,2021-01-01,398.57
WI,2021-04-01,420
WI,2021-07-01,441.04
WI,2021-10-01,450.75
WI,2022-01-01,462.85
WI,2022-04-01,496.49
WI,2022-07-01,506.67
WI,2022-10-01,504.65
WI,2023-01-01,509.17
WI,2023-04-01,534.63
WI,2023-07-01,550.77
WI,2023-10-01,551.22
WI,2024-01-01,558.41
WI,2024-04-01,576.83
WI,2024-07-01,586.29
WI,2024-10-01,587.06
WI,2025-01-01,598.73
WI,2025-04-01,614.07
WI,2025-07-01,620.76
WI,2025-10-01,621.27
WY,2019-10-01,334.84
WY,2020-01-01,338.03
WY,2020-04-01,339.79
WY,2020-07-01,344.73
WY,2020-10-01,352.62
WY,2021-01-01,358.1
WY,2021-04-01,372.13
WY,2021-07-01,395.41
WY,2021-10-01,408.68
WY,2022-01-01,419.54
WY,2022-04-01,441.83
WY,2022-07-01,452.77
WY,2022-10-01,451.68
WY,2023-01-01,449.9
WY,2023-04-01,461.52
WY,2023-07-01,472.91
WY,2023-10-01,464.9
WY,2024-01-01,469.81
WY,2024-04-01,484.25
WY,2024-07-01,489.52
WY,2024-10-01,492.28
WY,2025-01-01,501.84
WY,2025-04-01,509.91
WY,2025-07-01,510.04
WY,2025-10-01,511.39
DC,2019-10-01,905.32
DC,2020-01-01,912.84
DC,2020-04-01,915.03
DC,2020-07-01,925.66
DC,2020-10-01,946.08
DC,2021-01-01,956.23
DC,2021-04-01,995.86
DC,2021-07-01,1019.34
DC,2021-10-01,1028.42
DC,2022-01-01,1053.34
DC,2022-04-01,1093.78
DC,2022-07-01,1081.71
DC,2022-10-01,1051.87
DC,2023-01-01,1040.04
DC,2023-04-01,1030.25
DC,2023-07-01,1034.53
DC,2023-10-01,1019.13
DC,2024-01-01,1039.89
DC,2024-04-01,1063.14
DC,2024-07-01,1046.92
DC,2024-10-01,1042.2
DC,2025-01-01,1055.28
DC,2025-04-01,1047.55
DC,2025-07-01,1065.43
DC,2025-10-01,1073.96
